Timestamp,User Count,Type,Name,Requests/s,Failures/s,50%,66%,75%,80%,90%,95%,98%,99%,99.9%,99.99%,100%,Total Request Count,Total Failure Count,Total Median Response Time,Total Average Response Time,Total Min Response Time,Total Max Response Time,Total Average Content Size
1791158273,0,,Aggregated,0.000000,0.000000,N/A,N/A,N/A,N/A,N/A,N/A,N/A,N/A,N/A,N/A,N/A,0,0,0,0.0,0,0,0
1791158274,10,,Aggregated,0.000000,0.000000,35,36,42,69,70,70,70,70,70,70,70,10,0,35,37.926870002411306,21.95129997562617,69.55800007563084,67.0
1791158275,20,,Aggregated,0.000000,0.000000,27,34,36,36,67,69,70,70,70,70,70,23,0,27,33.58983478265936,18.23259994853288,69.55800007563084,67.0
1791158276,30,,Aggregated,10.000000,0.000000,25,27,33,34,42,69,70,70,70,70,70,36,0,25,28.397186109537465,3.326200065203011,69.55800007563084,67.0
1791158277,40,,Aggregated,10.000000,0.000000,22,26,32,34,50,69,70,89,89,89,89,59,0,22,26.975681348230246,2.6594999944791198,89.15169991087168,67.0
1791158278,60,,Aggregated,11.000000,0.000000,25,33,35,38,60,67,70,89,89,89,89,78,0,25,29.243166662919787,2.6594999944791198,89.15169991087168,67.0
1791158279,70,,Aggregated,12.000000,0.000000,26,33,36,38,55,65,70,75,89,89,89,106,0,26,29.22877264077301,2.6594999944791198,89.15169991087168,67.0
1791158280,80,,Aggregated,14.000000,0.000000,25,33,36,40,60,67,70,75,89,89,89,129,0,25,29.447125575086464,2.6594999944791198,89.15169991087168,67.0
1791158281,90,,Aggregated,14.833333,0.000000,26,35,41,50,70,190,210,280,280,280,280,161,0,26,42.85496831669108,2.6594999944791198,280.5961000267416,67.0
1791158282,100,,Aggregated,16.714286,0.000000,25,34,38,44,69,190,210,280,280,280,280,199,0,25,38.850377381067894,2.6594999944791198,280.5961000267416,67.0
1791158283,110,,Aggregated,16.125000,0.000000,25,34,37,42,66,150,210,220,280,280,280,237,0,25,37.10649029218163,2.6594999944791198,280.5961000267416,67.0
1791158284,120,,Aggregated,19.333333,0.000000,23,33,36,40,64,87,210,220,280,280,280,282,0,23,33.99192269252455,2.6594999944791198,280.5961000267416,67.0
1791158285,130,,Aggregated,21.200000,0.000000,23,33,36,40,60,75,200,210,280,280,280,320,0,23,33.0386043733597,2.653100062161684,280.5961000267416,67.0
1791158286,140,,Aggregated,23.900000,0.000000,22,31,35,38,60,70,190,210,280,280,280,368,0,22,31.525523098104674,2.653100062161684,280.5961000267416,67.0
1791158287,150,,Aggregated,27.400000,0.000000,22,33,35,40,60,70,190,210,280,280,280,418,0,22,30.9630483249648,2.653100062161684,280.5961000267416,67.0
1791158288,160,,Aggregated,29.800000,0.000000,23,34,36,43,63,100,190,210,280,280,280,475,0,23,33.27151978903107,2.653100062161684,280.5961000267416,67.0
1791158289,170,,Aggregated,33.200000,0.000000,23,34,36,43,60,79,190,210,280,280,280,537,0,23,32.48930521382216,2.653100062161684,280.5961000267416,67.0
1791158290,180,,Aggregated,36.100000,0.000000,24,34,36,42,59,73,160,210,280,280,280,595,0,24,31.919845377149827,2.653100062161684,280.5961000267416,67.0
1791158291,190,,Aggregated,39.700000,0.000000,24,33,36,41,58,72,130,210,280,280,280,651,0,24,31.621821965384203,2.653100062161684,280.5961000267416,67.0
1791158292,200,,Aggregated,43.200000,0.000000,23,33,35,40,57,72,120,200,280,280,280,724,0,23,30.41663066145079,2.653100062161684,280.5961000267416,67.0
1791158293,210,,Aggregated,47.500000,0.000000,23,32,35,38,56,70,120,190,280,280,280,803,0,23,29.8813605212211,2.653100062161684,280.5961000267416,67.0
1791158294,220,,Aggregated,48.500000,0.000000,23,33,35,38,55,68,120,190,280,280,280,886,0,23,29.740015800456824,2.653100062161684,280.5961000267416,67.0
1791158295,230,,Aggregated,52.500000,0.000000,23,32,35,38,54,67,120,190,280,280,280,961,0,23,29.62614401618191,2.653100062161684,280.5961000267416,67.0
1791158296,240,,Aggregated,56.500000,0.000000,23,33,36,42,59,83,170,190,280,280,280,1046,0,23,32.05033135733943,2.653100062161684,280.5961000267416,67.0
1791158298,250,,Aggregated,59.500000,0.000000,23,33,36,42,60,84,160,190,280,280,280,1117,0,23,31.98594350893894,2.653100062161684,280.5961000267416,67.0
1791158299,260,,Aggregated,66.600000,0.000000,24,33,37,45,65,120,190,230,290,290,290,1213,0,24,35.20129323896306,2.653100062161684,289.217000012286,67.0
1791158300,270,,Aggregated,68.600000,0.000000,24,34,39,47,65,110,190,220,290,290,290,1301,0,24,35.15335733991196,2.653100062161684,289.217000012286,67.0
1791158301,280,,Aggregated,72.500000,0.000000,23,34,38,45,63,100,190,220,290,290,290,1388,0,23,34.154299495309616,2.653100062161684,289.217000012286,67.0
1791158302,290,,Aggregated,74.800000,0.000000,23,34,37,44,62,92,180,220,290,290,290,1467,0,23,33.66556107699833,2.653100062161684,289.217000012286,67.0
1791158303,300,,Aggregated,78.100000,0.000000,23,33,37,43,60,87,180,220,290,290,290,1549,0,23,33.11857185273908,2.653100062161684,289.217000012286,67.0
1791158304,300,,Aggregated,80.600000,0.000000,24,34,37,44,62,100,190,220,290,290,290,1641,0,24,33.97869884256684,2.653100062161684,289.217000012286,67.0
1791158305,300,,Aggregated,80.600000,0.000000,23,34,37,44,60,100,190,210,290,290,290,1714,0,23,33.51998133083605,2.653100062161684,289.217000012286,67.0
1791158306,300,,Aggregated,82.600000,0.000000,24,34,38,44,60,89,180,210,290,290,290,1792,0,24,33.63849241103318,2.653100062161684,289.217000012286,67.0
1791158307,300,,Aggregated,82.500000,0.000000,24,34,38,44,60,86,180,210,290,290,290,1867,0,24,33.188741189556374,2.653100062161684,289.217000012286,67.0
1791158308,300,,Aggregated,82.900000,0.000000,23,34,37,44,58,84,180,210,290,290,290,1953,0,23,32.78933087604896,2.653100062161684,289.217000012286,67.0
1791158309,300,,Aggregated,81.500000,0.000000,24,34,38,44,59,84,170,210,290,290,290,2029,0,24,32.872850123903966,2.653100062161684,289.217000012286,67.0
1791158310,300,,Aggregated,83.200000,0.000000,24,34,39,46,61,92,170,210,290,290,290,2119,0,24,33.53355535705551,2.598399994894862,289.217000012286,67.0
1791158311,300,,Aggregated,81.300000,0.000000,25,35,41,49,67,120,180,210,290,290,290,2176,0,25,35.54695523951737,2.598399994894862,289.217000012286,67.0
1791158312,300,,Aggregated,81.600000,0.000000,25,35,41,49,68,120,180,210,290,290,290,2281,0,25,35.956121701614485,2.598399994894862,289.217000012286,67.0
1791158313,300,,Aggregated,78.800000,0.000000,24,35,40,48,67,120,180,210,290,290,290,2365,0,24,35.35299040259002,2.598399994894862,289.217000012286,67.0
1791158314,300,,Aggregated,81.000000,0.000000,24,34,40,48,66,110,180,210,290,290,290,2455,0,24,34.68681930871624,2.598399994894862,289.217000012286,67.0
1791158315,300,,Aggregated,81.600000,0.000000,23,34,39,46,65,110,170,200,290,290,290,2531,0,23,34.319957448855845,2.598399994894862,289.217000012286,67.0
1791158316,300,,Aggregated,80.500000,0.000000,23,34,38,46,65,110,170,200,290,290,290,2614,0,23,33.82880321488122,2.598399994894862,289.217000012286,67.0
1791158317,300,,Aggregated,81.200000,0.000000,23,34,38,45,63,110,170,200,290,290,290,2693,0,23,33.35732350663157,2.598399994894862,289.217000012286,67.0
1791158318,300,,Aggregated,81.300000,0.000000,22,34,38,45,63,100,170,200,290,290,290,2766,0,22,33.08035882236335,2.598399994894862,289.217000012286,67.0
1791158319,300,,Aggregated,82.700000,0.000000,23,34,38,45,63,110,170,200,290,290,290,2851,0,23,33.28292420285358,2.598399994894862,289.217000012286,67.0
1791158320,300,,Aggregated,80.500000,0.000000,22,34,38,44,62,110,160,200,290,290,290,2947,0,22,32.76529389264964,2.598399994894862,289.217000012286,67.0
1791158321,300,,Aggregated,82.000000,0.000000,22,34,37,44,62,110,160,200,290,290,290,3012,0,22,32.6250606910808,2.598399994894862,289.217000012286,67.0
1791158322,300,,Aggregated,82.600000,0.000000,22,34,37,44,61,100,160,190,290,290,290,3105,0,22,32.30806811654193,2.598399994894862,289.217000012286,67.0
1791158323,300,,Aggregated,83.200000,0.000000,22,34,37,44,60,99,160,190,290,290,290,3200,0,22,32.04874462571752,2.598399994894862,289.217000012286,67.0
1791158324,300,,Aggregated,81.500000,0.000000,22,34,37,44,60,96,160,190,290,290,290,3276,0,22,31.812870208064822,2.598399994894862,289.217000012286,67.0
1791158325,300,,Aggregated,81.800000,0.000000,22,33,37,43,60,93,160,190,290,290,290,3361,0,22,31.597255400675152,2.598399994894862,289.217000012286,67.0
1791158326,300,,Aggregated,81.900000,0.000000,22,34,37,44,60,100,160,200,290,300,300,3439,0,22,32.133483338656134,2.598399994894862,296.59739998169243,67.0
1791158327,300,,Aggregated,81.600000,0.000000,22,34,37,44,60,100,160,200,290,300,300,3527,0,22,32.11036611862374,2.598399994894862,296.59739998169243,67.0
1791158328,300,,Aggregated,81.600000,0.000000,22,33,37,43,60,97,160,200,290,300,300,3612,0,22,31.844988538245985,2.598399994894862,296.59739998169243,67.0
1791158329,300,,Aggregated,82.000000,0.000000,21,33,37,43,59,95,160,200,290,300,300,3700,0,21,31.53679967565286,2.598399994894862,296.59739998169243,67.0
1791158330,300,,Aggregated,84.000000,0.000000,21,33,37,43,59,92,160,200,290,300,300,3782,0,21,31.43444050768674,2.598399994894862,296.59739998169243,67.0
1791158331,300,,Aggregated,83.900000,0.000000,21,33,37,43,58,89,160,190,290,300,300,3853,0,21,31.298144069711043,2.598399994894862,296.59739998169243,67.0
1791158332,300,,Aggregated,82.500000,0.000000,21,33,37,43,59,88,160,190,290,300,300,3960,0,21,31.214876136697846,2.598399994894862,296.59739998169243,67.0
1791158333,300,,Aggregated,83.100000,0.000000,21,33,37,43,58,87,160,190,290,300,300,4035,0,21,31.127243544219716,2.598399994894862,296.59739998169243,67.0
1791158334,300,,Aggregated,84.700000,0.000000,21,33,37,43,59,88,160,200,290,300,300,4120,0,21,31.56112296146779,2.598399994894862,296.59739998169243,67.0
1791158335,300,,Aggregated,83.700000,0.000000,21,33,37,43,59,87,160,200,290,300,300,4205,0,21,31.39490592168859,2.598399994894862,296.59739998169243,67.0
1791158336,300,,Aggregated,83.300000,0.000000,21,33,37,43,58,87,160,200,290,300,300,4293,0,21,31.221369694925553,2.598399994894862,296.59739998169243,67.0
1791158337,300,,Aggregated,84.300000,0.000000,21,33,37,43,58,86,160,200,290,300,300,4371,0,21,31.194232463891215,2.598399994894862,296.59739998169243,67.0
1791158338,300,,Aggregated,84.400000,0.000000,21,33,37,43,58,85,160,200,290,300,300,4440,0,21,31.036514684642867,2.598399994894862,296.59739998169243,67.0
1791158339,300,,Aggregated,84.600000,0.000000,21,33,36,42,57,84,160,200,290,300,300,4526,0,21,30.81085388860931,2.598399994894862,296.59739998169243,67.0
1791158340,300,,Aggregated,83.200000,0.000000,21,33,36,42,57,82,150,190,290,300,300,4624,0,21,30.60822484879952,2.598399994894862,296.59739998169243,67.0
1791158341,300,,Aggregated,82.100000,0.000000,21,33,37,42,58,85,160,200,290,300,300,4698,0,21,31.068240804791017,2.598399994894862,296.59739998169243,67.0
1791158342,300,,Aggregated,83.500000,0.000000,21,33,37,43,57,84,160,200,290,300,300,4775,0,21,30.99900557069566,2.598399994894862,296.59739998169243,67.0
1791158343,300,,Aggregated,83.100000,0.000000,21,33,37,42,57,83,160,200,290,300,300,4854,0,21,30.870415842787796,2.598399994894862,296.59739998169243,67.0
1791158344,300,,Aggregated,81.500000,0.000000,21,33,36,42,57,81,160,200,290,300,300,4944,0,21,30.6695783578148,2.598399994894862,296.59739998169243,67.0
1791158345,300,,Aggregated,80.300000,0.000000,21,33,36,42,57,81,160,200,290,300,300,5020,0,21,30.606070757111667,2.598399994894862,296.59739998169243,67.0
1791158346,300,,Aggregated,81.700000,0.000000,21,33,36,42,56,79,150,200,290,300,300,5100,0,21,30.489483215850687,2.598399994894862,296.59739998169243,67.0
1791158347,300,,Aggregated,80.700000,0.000000,21,33,36,41,56,78,150,200,290,300,300,5182,0,21,30.37791844869941,2.598399994894862,296.59739998169243,67.0
1791158348,300,,Aggregated,81.900000,0.000000,21,33,36,41,55,76,150,200,290,300,300,5275,0,21,30.19198580113156,2.598399994894862,296.59739998169243,67.0
1791158349,300,,Aggregated,79.800000,0.000000,21,33,36,41,56,79,150,200,290,300,300,5353,0,21,30.382757276492693,2.598399994894862,296.59739998169243,67.0
1791158350,300,,Aggregated,81.200000,0.000000,21,33,36,41,56,79,150,200,290,300,300,5428,0,21,30.27478502247041,2.598399994894862,296.59739998169243,67.0
1791158351,300,,Aggregated,82.100000,0.000000,21,33,36,41,55,76,150,190,290,300,300,5522,0,21,30.107061065293575,2.598399994894862,296.59739998169243,67.0
1791158352,300,,Aggregated,80.300000,0.000000,21,33,36,41,55,76,150,190,290,300,300,5603,0,21,30.063813528969025,2.598399994894862,296.59739998169243,67.0
1791158353,300,,Aggregated,81.700000,0.000000,21,33,36,40,54,75,150,190,290,300,300,5692,0,21,29.881072470544265,2.598399994894862,296.59739998169243,67.0
1791158354,300,,Aggregated,82.100000,0.000000,21,33,36,40,54,75,150,190,290,300,300,5757,0,21,29.836982647654278,2.598399994894862,296.59739998169243,67.0
1791158355,300,,Aggregated,84.000000,0.000000,21,33,36,40,54,74,150,190,290,300,300,5849,0,21,29.75699037494503,2.598399994894862,296.59739998169243,67.0
1791158356,300,,Aggregated,81.900000,0.000000,21,33,36,41,55,78,150,200,290,350,350,5937,0,21,30.378024524663047,2.598399994894862,352.20620001200587,67.0
1791158357,300,,Aggregated,81.800000,0.000000,21,33,36,41,55,76,150,200,290,350,350,6028,0,21,30.297810650556073,2.598399994894862,352.20620001200587,67.0
1791158358,300,,Aggregated,81.100000,0.000000,21,33,36,40,55,76,150,200,290,350,350,6110,0,21,30.22132065479069,2.598399994894862,352.20620001200587,67.0
1791158359,300,,Aggregated,83.900000,0.000000,21,33,36,40,54,75,150,200,290,350,350,6191,0,21,30.135425359563985,2.598399994894862,352.20620001200587,67.0
1791158360,300,,Aggregated,83.300000,0.000000,21,33,36,40,54,75,150,200,290,350,350,6279,0,21,30.019493279328977,2.598399994894862,352.20620001200587,67.0
1791158361,300,,Aggregated,82.000000,0.000000,21,33,36,40,54,74,150,200,290,350,350,6362,0,21,29.948229314804752,2.598399994894862,352.20620001200587,67.0
1791158362,300,,Aggregated,84.000000,0.000000,21,33,36,40,54,74,150,200,290,350,350,6439,0,21,29.887600295200954,2.598399994894862,352.20620001200587,67.0
1791158363,300,,Aggregated,83.800000,0.000000,21,33,36,40,54,73,150,190,290,350,350,6525,0,21,29.822725471326816,2.598399994894862,352.20620001200587,67.0
1791158364,300,,Aggregated,82.800000,0.000000,21,33,36,40,54,75,150,200,290,350,350,6607,0,21,30.07461238095746,2.598399994894862,352.20620001200587,67.0
1791158365,300,,Aggregated,83.400000,0.000000,21,33,36,40,54,74,150,200,290,350,350,6681,0,21,30.011801796342468,2.598399994894862,352.20620001200587,67.0
1791158366,300,,Aggregated,83.700000,0.000000,21,33,36,40,53,73,150,200,290,350,350,6770,0,21,29.92479649924039,2.598399994894862,352.20620001200587,67.0
1791158367,300,,Aggregated,83.500000,0.000000,21,33,36,40,53,73,150,200,290,350,350,6853,0,21,29.832689508334493,2.598399994894862,352.20620001200587,67.0
1791158368,300,,Aggregated,83.700000,0.000000,21,33,36,40,53,72,150,200,290,350,350,6941,0,21,29.791439864659694,2.598399994894862,352.20620001200587,67.0
1791158369,300,,Aggregated,82.000000,0.000000,21,33,36,39,53,72,150,200,290,350,350,7020,0,21,29.735306538628187,2.598399994894862,352.20620001200587,67.0
1791158370,300,,Aggregated,82.700000,0.000000,21,33,36,39,53,71,150,190,290,350,350,7108,0,21,29.63429279706651,2.598399994894862,352.20620001200587,67.0
1791158371,300,,Aggregated,84.200000,0.000000,21,33,36,40,53,73,150,200,290,350,350,7183,0,21,29.81512762093547,2.598399994894862,352.20620001200587,67.0
1791158372,300,,Aggregated,82.200000,0.000000,21,33,36,39,53,72,150,200,290,350,350,7279,0,21,29.73877240010673,2.598399994894862,352.20620001200587,67.0
1791158373,300,,Aggregated,82.000000,0.000000,21,33,36,39,53,72,150,190,290,350,350,7360,0,21,29.712389687594385,2.598399994894862,352.20620001200587,67.0
1791158374,300,,Aggregated,83.800000,0.000000,21,33,36,39,53,71,150,190,290,350,350,7439,0,21,29.648860693821092,2.598399994894862,352.20620001200587,67.0
1791158375,300,,Aggregated,82.300000,0.000000,21,33,36,39,53,71,140,190,290,350,350,7514,0,21,29.59685536350094,2.598399994894862,352.20620001200587,67.0
1791158376,300,,Aggregated,82.300000,0.000000,21,33,36,39,53,70,140,190,290,350,350,7607,0,21,29.516738964249253,2.598399994894862,352.20620001200587,67.0
1791158377,300,,Aggregated,82.300000,0.000000,21,33,36,39,53,70,140,190,290,350,350,7690,0,21,29.47190096238519,2.598399994894862,352.20620001200587,67.0
1791158378,300,,Aggregated,81.700000,0.000000,21,33,36,39,53,70,140,190,290,350,350,7761,0,21,29.418430047770563,2.598399994894862,352.20620001200587,67.0
1791158379,300,,Aggregated,83.200000,0.000000,21,33,36,39,53,71,150,190,290,350,350,7866,0,21,29.58581270032877,2.598399994894862,352.20620001200587,67.0
1791158380,300,,Aggregated,83.400000,0.000000,21,33,36,39,53,71,150,190,290,350,350,7942,0,21,29.53084354067303,2.598399994894862,352.20620001200587,67.0
1791158381,300,,Aggregated,82.600000,0.000000,21,33,36,39,53,70,140,190,290,350,350,8026,0,21,29.424873660650423,2.598399994894862,352.20620001200587,67.0
1791158382,300,,Aggregated,83.400000,0.000000,21,33,36,39,53,70,140,190,290,350,350,8112,0,21,29.330226627319817,2.598399994894862,352.20620001200587,67.0
1791158383,300,,Aggregated,83.500000,0.000000,21,33,36,39,53,70,140,190,290,350,350,8194,0,21,29.280132462980585,2.598399994894862,352.20620001200587,67.0
1791158384,300,,Aggregated,81.600000,0.000000,21,33,36,39,52,69,140,190,290,350,350,8286,0,21,29.211663589431225,2.598399994894862,352.20620001200587,67.0
1791158385,300,,Aggregated,82.700000,0.000000,21,33,36,39,52,69,140,190,290,350,350,8373,0,21,29.180162200153298,2.598399994894862,352.20620001200587,67.0
1791158386,300,,Aggregated,83.700000,0.000000,21,33,36,39,53,71,150,200,290,350,350,8447,0,21,29.702235101367712,2.598399994894862,352.20620001200587,67.0
1791158387,300,,Aggregated,84.900000,0.000000,21,33,36,39,53,70,150,200,290,350,350,8527,0,21,29.632061651385897,2.598399994894862,352.20620001200587,67.0
1791158388,300,,Aggregated,84.900000,0.000000,21,33,36,39,53,70,150,200,290,350,350,8608,0,21,29.591663894222442,2.598399994894862,352.20620001200587,67.0
1791158389,300,,Aggregated,83.000000,0.000000,21,33,36,39,53,70,150,200,290,350,350,8700,0,21,29.512892172594245,2.598399994894862,352.20620001200587,67.0
1791158390,300,,Aggregated,82.500000,0.000000,21,33,36,39,52,70,150,190,290,350,350,8777,0,21,29.460182534091995,2.598399994894862,352.20620001200587,67.0
1791158391,300,,Aggregated,82.900000,0.000000,21,33,36,39,52,69,150,190,290,350,350,8863,0,21,29.38649995510934,2.598399994894862,352.20620001200587,67.0
1791158392,300,,Aggregated,83.000000,0.000000,21,33,36,39,52,69,140,190,290,350,350,8937,0,21,29.38021759002018,2.598399994894862,352.20620001200587,67.0
1791158393,300,,Aggregated,83.100000,0.000000,21,33,36,39,52,69,140,190,290,350,350,9000,0,21,29.409218011359272,2.598399994894862,352.20620001200587,67.0
1791158394,300,,Aggregated,83.100000,0.000000,21,33,36,39,53,72,150,210,300,350,350,9120,0,21,30.0243783226107,2.598399994894862,352.20620001200587,67.0
1791158395,300,,Aggregated,82.000000,0.000000,21,33,36,39,53,71,150,210,300,350,350,9193,0,21,29.976963961898026,2.598399994894862,352.20620001200587,67.0
1791158396,300,,Aggregated,82.700000,0.000000,21,33,36,39,53,71,150,210,300,350,350,9263,0,21,29.96279557400076,2.598399994894862,352.20620001200587,67.0
1791158397,300,,Aggregated,81.500000,0.000000,21,33,36,39,53,70,150,210,300,350,350,9351,0,21,29.86010517618268,2.598399994894862,352.20620001200587,67.0
1791158398,300,,Aggregated,82.000000,0.000000,21,33,36,39,52,70,150,210,300,350,350,9446,0,21,29.78063120919124,2.598399994894862,352.20620001200587,67.0
1791158399,300,,Aggregated,80.800000,0.000000,21,33,36,39,52,70,150,210,300,350,350,9521,0,21,29.74665478442319,2.598399994894862,352.20620001200587,67.0
1791158400,300,,Aggregated,82.600000,0.000000,21,33,36,39,52,70,150,210,300,350,350,9590,0,21,29.733186955437475,2.598399994894862,352.20620001200587,67.0
1791158401,300,,Aggregated,82.300000,0.000000,21,33,36,39,53,72,150,210,300,350,350,9683,0,21,30.104566529252963,2.598399994894862,352.20620001200587,67.0
1791158402,300,,Aggregated,81.400000,0.000000,21,33,36,39,53,72,150,210,300,350,350,9760,0,21,30.087723914170294,2.598399994894862,352.20620001200587,67.0
1791158403,300,,Aggregated,79.900000,0.000000,21,33,36,39,53,71,150,210,300,350,350,9844,0,21,30.014235758042318,2.598399994894862,352.20620001200587,67.0
1791158404,300,,Aggregated,81.500000,0.000000,21,33,36,39,52,71,150,210,300,350,350,9934,0,21,29.939264546161887,2.598399994894862,352.20620001200587,67.0
1791158405,300,,Aggregated,81.800000,0.000000,21,33,36,39,52,70,150,210,300,340,350,10012,0,21,29.873739612562535,2.598399994894862,352.20620001200587,67.0
1791158406,300,,Aggregated,80.800000,0.000000,21,33,36,39,52,70,150,210,300,340,350,10097,0,21,29.812358799775126,2.598399994894862,352.20620001200587,67.0
1791158407,300,,Aggregated,81.400000,0.000000,21,33,36,39,53,75,150,210,300,340,350,10175,0,21,30.222270732347372,2.598399994894862,352.20620001200587,67.0
1791158408,300,,Aggregated,81.800000,0.000000,21,34,36,40,54,81,160,220,300,340,350,10230,0,21,30.849394858425587,2.598399994894862,352.20620001200587,67.0
1791158409,300,,Aggregated,83.000000,0.000000,21,34,36,41,57,93,180,250,570,600,600,10333,0,21,32.86321776847007,2.598399994894862,601.6331999562681,67.0
1791158410,300,,Aggregated,80.200000,0.000000,21,34,37,42,59,100,190,250,570,600,600,10417,0,21,33.60593375270501,2.598399994894862,601.6331999562681,67.0
1791158411,300,,Aggregated,76.500000,0.000000,22,34,37,43,60,100,190,250,570,600,600,10502,0,22,33.78649208735445,2.598399994894862,601.6331999562681,67.0
1791158412,300,,Aggregated,80.500000,0.000000,22,34,37,43,60,100,190,250,570,600,600,10585,0,22,33.72543051505191,2.598399994894862,601.6331999562681,67.0
1791158413,300,,Aggregated,81.700000,0.000000,21,34,37,43,59,100,190,250,570,600,600,10672,0,21,33.61675594097087,2.598399994894862,601.6331999562681,67.0
1791158414,300,,Aggregated,81.300000,0.000000,21,34,37,43,59,100,190,250,570,600,600,10749,0,21,33.53709817678542,2.598399994894862,601.6331999562681,67.0
1791158415,300,,Aggregated,81.500000,0.000000,21,34,37,43,60,100,190,250,570,600,600,10825,0,21,33.676296092567675,2.598399994894862,601.6331999562681,67.0
1791158416,300,,Aggregated,81.700000,0.000000,22,34,37,44,62,110,200,260,570,600,600,10899,0,22,34.660420580080505,2.598399994894862,601.6331999562681,67.0
1791158417,300,,Aggregated,81.200000,0.000000,22,34,38,45,64,120,210,260,570,600,600,10985,0,22,35.60972340488921,2.598399994894862,601.6331999562681,67.0
1791158418,300,,Aggregated,79.400000,0.000000,22,34,38,46,65,120,210,260,570,600,600,11066,0,22,36.00372596264174,2.598399994894862,601.6331999562681,67.0
1791158419,300,,Aggregated,79.600000,0.000000,22,34,38,46,65,120,210,260,570,600,600,11140,0,22,35.99036424615148,2.598399994894862,601.6331999562681,67.0
1791158420,300,,Aggregated,80.700000,0.000000,22,34,38,46,64,120,210,260,570,600,600,11236,0,22,35.8649029637946,2.598399994894862,601.6331999562681,67.0
1791158421,300,,Aggregated,85.000000,0.000000,22,34,38,46,64,120,210,260,570,600,600,11310,0,22,35.78560022992567,2.598399994894862,601.6331999562681,67.0
1791158422,300,,Aggregated,80.300000,0.000000,22,34,38,46,64,120,210,260,570,600,600,11397,0,22,35.68830630869328,2.598399994894862,601.6331999562681,67.0
1791158423,300,,Aggregated,82.200000,0.000000,22,34,38,46,64,120,210,260,570,600,600,11470,0,22,35.74431095900154,2.598399994894862,601.6331999562681,67.0
1791158424,300,,Aggregated,80.400000,0.000000,22,34,39,47,66,120,210,260,570,600,600,11584,0,22,36.34892635531267,2.598399994894862,601.6331999562681,67.0
1791158425,300,,Aggregated,81.300000,0.000000,22,34,39,47,67,130,220,270,570,600,600,11644,0,22,36.81276833558526,2.598399994894862,601.6331999562681,67.0
1791158426,300,,Aggregated,80.000000,0.000000,22,34,39,47,67,130,220,270,570,600,600,11726,0,22,36.80500121093107,2.598399994894862,601.6331999562681,67.0
1791158427,300,,Aggregated,83.300000,0.000000,22,34,39,47,67,130,210,270,570,600,600,11811,0,22,36.736206595453005,2.598399994894862,601.6331999562681,67.0
1791158428,300,,Aggregated,83.400000,0.000000,22,34,39,47,67,130,210,270,570,600,600,11900,0,22,36.60942652936782,2.598399994894862,601.6331999562681,67.0
1791158429,300,,Aggregated,82.200000,0.000000,22,34,39,47,66,120,210,270,570,600,600,11989,0,22,36.490609500315905,2.598399994894862,601.6331999562681,67.0
1791158430,300,,Aggregated,82.000000,0.000000,22,34,39,47,66,120,210,260,570,600,600,12070,0,22,36.42025576628954,2.598399994894862,601.6331999562681,67.0
1791158431,300,,Aggregated,82.300000,0.000000,22,34,39,47,66,130,210,270,570,600,600,12156,0,22,36.488419249641176,2.598399994894862,601.6331999562681,67.0
1791158433,300,,Aggregated,84.000000,0.000000,22,34,39,47,66,120,210,260,570,600,600,12238,0,22,36.418407223357704,2.598399994894862,601.6331999562681,67.0
1791158434,300,,Aggregated,82.700000,0.000000,22,34,39,47,66,120,210,260,570,600,600,12305,0,22,36.34507613164236,2.598399994894862,601.6331999562681,67.0
1791158435,300,,Aggregated,84.000000,0.000000,22,34,38,47,66,120,210,260,570,600,600,12391,0,22,36.2420815833603,2.598399994894862,601.6331999562681,67.0
1791158436,300,,Aggregated,82.300000,0.000000,22,34,38,47,66,120,210,260,570,600,600,12465,0,22,36.18489241873232,2.598399994894862,601.6331999562681,67.0
1791158437,300,,Aggregated,80.000000,0.000000,22,34,38,47,66,120,210,260,570,600,600,12545,0,22,36.083120183234875,2.598399994894862,601.6331999562681,67.0
1791158438,300,,Aggregated,80.200000,0.000000,22,34,38,46,65,120,210,260,570,600,600,12631,0,22,36.01336067606176,2.598399994894862,601.6331999562681,67.0
1791158439,300,,Aggregated,81.400000,0.000000,22,34,38,47,66,120,210,260,570,600,600,12723,0,22,36.15742034104521,2.598399994894862,601.6331999562681,67.0
1791158440,300,,Aggregated,81.400000,0.000000,22,34,38,46,66,120,210,260,570,600,600,12799,0,22,36.07958934286727,2.598399994894862,601.6331999562681,67.0
1791158441,300,,Aggregated,81.300000,0.000000,22,34,38,46,65,120,210,260,570,600,600,12877,0,22,35.99148337342194,2.598399994894862,601.6331999562681,67.0
1791158442,300,,Aggregated,80.600000,0.000000,22,34,38,46,65,120,210,260,570,600,600,12955,0,22,35.91399813199934,2.598399994894862,601.6331999562681,67.0
1791158443,300,,Aggregated,80.000000,0.000000,22,34,38,46,65,120,210,260,560,600,600,13047,0,22,35.82225312335041,2.598399994894862,601.6331999562681,67.0
1791158444,300,,Aggregated,79.100000,0.000000,22,34,38,46,65,120,210,260,560,600,600,13131,0,22,35.7194661031351,2.598399994894862,601.6331999562681,67.0
1791158445,300,,Aggregated,80.400000,0.000000,22,34,38,46,64,120,210,260,560,600,600,13200,0,22,35.662441871174835,2.598399994894862,601.6331999562681,67.0
1791158446,300,,Aggregated,81.900000,0.000000,22,34,38,46,64,120,210,260,560,600,600,13286,0,22,35.557897267789905,2.598399994894862,601.6331999562681,67.0
1791158447,300,,Aggregated,80.100000,0.000000,22,34,38,46,65,120,210,260,560,600,600,13382,0,22,35.747522156624136,2.598399994894862,601.6331999562681,67.0
1791158448,300,,Aggregated,82.000000,0.000000,22,34,38,46,65,120,210,260,560,600,600,13464,0,22,35.68899751935284,2.598399994894862,601.6331999562681,67.0
1791158449,300,,Aggregated,82.200000,0.000000,22,34,38,46,64,120,210,260,560,600,600,13552,0,22,35.60543020964458,2.598399994894862,601.6331999562681,67.0
1791158450,300,,Aggregated,82.200000,0.000000,22,34,38,46,64,120,210,260,560,600,600,13630,0,22,35.53966457822469,2.598399994894862,601.6331999562681,67.0
1791158451,300,,Aggregated,82.200000,0.000000,22,34,38,46,64,120,210,260,560,600,600,13718,0,22,35.46775995785207,2.598399994894862,601.6331999562681,67.0
1791158452,300,,Aggregated,82.000000,0.000000,22,34,38,46,64,120,210,260,560,600,600,13805,0,22,35.39462680928409,2.598399994894862,601.6331999562681,67.0
1791158453,300,,Aggregated,82.900000,0.000000,22,34,38,46,64,120,200,260,560,600,600,13889,0,22,35.3716553317069,2.598399994894862,601.6331999562681,67.0
1791158454,300,,Aggregated,84.300000,0.000000,22,34,38,46,64,120,210,260,560,600,600,13960,0,22,35.42775522222353,2.598399994894862,601.6331999562681,67.0
1791158455,300,,Aggregated,82.600000,0.000000,22,34,38,46,64,120,200,260,550,600,600,14052,0,22,35.356489111997895,2.598399994894862,601.6331999562681,67.0
1791158456,300,,Aggregated,82.600000,0.000000,22,34,38,46,64,120,200,260,550,600,600,14131,0,22,35.294693701941206,2.598399994894862,601.6331999562681,67.0
1791158457,300,,Aggregated,83.700000,0.000000,22,34,38,46,64,120,200,260,550,600,600,14202,0,22,35.24380464030335,2.598399994894862,601.6331999562681,67.0
1791158458,300,,Aggregated,83.500000,0.000000,22,34,38,46,63,120,200,260,550,600,600,14288,0,22,35.170808363755604,2.598399994894862,601.6331999562681,67.0
1791158459,300,,Aggregated,82.000000,0.000000,22,34,38,46,63,120,200,260,550,600,600,14374,0,22,35.12550355514309,2.598399994894862,601.6331999562681,67.0
1791158460,300,,Aggregated,81.700000,0.000000,22,34,38,45,63,120,200,250,550,600,600,14447,0,22,35.05669984092342,2.598399994894862,601.6331999562681,67.0
1791158461,300,,Aggregated,81.200000,0.000000,22,34,38,45,63,120,200,250,550,600,600,14522,0,22,34.98145066117001,2.598399994894862,601.6331999562681,67.0
1791158462,300,,Aggregated,81.700000,0.000000,22,34,38,45,63,120,210,260,550,600,600,14626,0,22,35.2034060919805,2.598399994894862,601.6331999562681,67.0
1791158463,300,,Aggregated,80.900000,0.000000,22,34,38,45,63,120,200,260,550,600,600,14705,0,22,35.14362436594788,2.598399994894862,601.6331999562681,67.0
1791158464,300,,Aggregated,80.600000,0.000000,22,34,38,45,63,120,200,260,550,600,600,14782,0,22,35.07348925731387,2.598399994894862,601.6331999562681,67.0
1791158465,300,,Aggregated,81.000000,0.000000,22,34,38,45,63,120,200,260,550,600,600,14863,0,22,35.01966020327909,2.598399994894862,601.6331999562681,67.0
1791158466,300,,Aggregated,80.600000,0.000000,22,34,37,45,63,120,200,250,550,600,600,14948,0,22,34.93121461744665,2.598399994894862,601.6331999562681,67.0
1791158467,300,,Aggregated,80.700000,0.000000,22,34,37,45,62,120,200,250,540,600,600,15031,0,22,34.856196513961336,2.598399994894862,601.6331999562681,67.0
1791158468,300,,Aggregated,80.300000,0.000000,22,34,37,45,62,120,200,250,540,600,600,15115,0,22,34.79663566664647,2.598399994894862,601.6331999562681,67.0
1791158469,300,,Aggregated,82.400000,0.000000,22,34,38,45,63,120,200,260,540,600,600,15202,0,22,35.000955749365225,2.598399994894862,601.6331999562681,67.0
1791158470,300,,Aggregated,81.900000,0.000000,22,34,37,45,63,120,200,260,540,600,600,15281,0,22,34.95948142804182,2.598399994894862,601.6331999562681,67.0
1791158471,300,,Aggregated,80.700000,0.000000,22,34,37,45,62,120,200,250,540,600,600,15365,0,22,34.90701009449087,2.598399994894862,601.6331999562681,67.0
1791158472,300,,Aggregated,82.500000,0.000000,22,34,37,45,62,120,200,250,540,600,600,15443,0,22,34.85519720276194,2.598399994894862,601.6331999562681,67.0
1791158473,300,,Aggregated,82.600000,0.000000,22,34,37,45,62,120,200,250,540,600,600,15534,0,22,34.782323941169146,2.598399994894862,601.6331999562681,67.0
1791158474,300,,Aggregated,81.700000,0.000000,22,34,37,45,62,110,200,250,540,600,600,15607,0,22,34.73710448525092,2.598399994894862,601.6331999562681,67.0
1791158475,300,,Aggregated,81.900000,0.000000,22,34,37,45,62,110,200,250,540,600,600,15694,0,22,34.70649699890966,2.598399994894862,601.6331999562681,67.0
1791158476,300,,Aggregated,83.100000,0.000000,22,34,37,45,62,110,200,250,540,600,600,15750,0,22,34.68509504763735,2.598399994894862,601.6331999562681,67.0
1791158477,300,,Aggregated,83.200000,0.000000,22,34,37,45,62,120,200,250,540,600,600,15857,0,22,34.75796615373877,2.598399994894862,601.6331999562681,67.0
1791158478,300,,Aggregated,81.900000,0.000000,22,34,37,45,62,110,200,250,540,600,600,15952,0,22,34.66092227930732,2.598399994894862,601.6331999562681,67.0
1791158479,300,,Aggregated,81.900000,0.000000,22,34,37,45,62,110,200,250,540,600,600,16029,0,22,34.61262329523201,2.598399994894862,601.6331999562681,67.0
1791158480,300,,Aggregated,83.900000,0.000000,22,34,37,45,61,110,200,250,540,600,600,16110,0,22,34.55934193042962,2.598399994894862,601.6331999562681,67.0
1791158481,300,,Aggregated,83.900000,0.000000,22,34,37,45,61,110,200,250,540,600,600,16206,0,22,34.49206139081211,2.598399994894862,601.6331999562681,67.0
1791158482,300,,Aggregated,82.300000,0.000000,22,34,37,45,61,110,200,250,540,600,600,16272,0,22,34.441244057273494,2.598399994894862,601.6331999562681,67.0
1791158483,300,,Aggregated,82.900000,0.000000,22,34,37,44,61,110,200,250,540,600,600,16367,0,22,34.36893077536549,2.598399994894862,601.6331999562681,67.0
1791158484,300,,Aggregated,83.000000,0.000000,22,34,37,45,61,110,200,250,540,600,600,16446,0,22,34.47056919617256,2.598399994894862,601.6331999562681,67.0
1791158485,300,,Aggregated,84.100000,0.000000,22,34,37,45,61,110,200,250,540,600,600,16533,0,22,34.433075727338405,2.598399994894862,601.6331999562681,67.0
1791158486,300,,Aggregated,82.400000,0.000000,22,34,37,44,61,110,190,250,540,600,600,16613,0,22,34.35658652257258,2.598399994894862,601.6331999562681,67.0
1791158487,300,,Aggregated,82.800000,0.000000,22,34,37,44,61,110,190,250,540,600,600,16696,0,22,34.29957122662898,2.598399994894862,601.6331999562681,67.0
1791158488,300,,Aggregated,83.600000,0.000000,21,34,37,44,61,110,190,250,540,600,600,16781,0,21,34.2365806924481,2.598399994894862,601.6331999562681,67.0
1791158489,300,,Aggregated,83.900000,0.000000,21,34,37,44,61,110,190,250,540,600,600,16861,0,21,34.179203333088445,2.598399994894862,601.6331999562681,67.0
1791158490,300,,Aggregated,82.600000,0.000000,21,34,37,44,61,110,190,250,540,600,600,16950,0,21,34.12086185832318,2.598399994894862,601.6331999562681,67.0
1791158491,300,,Aggregated,83.300000,0.000000,21,34,37,44,61,110,190,250,530,600,600,17029,0,21,34.192010129727166,2.598399994894862,601.6331999562681,67.0
1791158492,300,,Aggregated,82.200000,0.000000,21,34,37,44,61,110,190,250,530,600,600,17110,0,21,34.132788690802606,2.598399994894862,601.6331999562681,67.0
1791158493,300,,Aggregated,83.100000,0.000000,21,34,37,44,60,110,190,250,530,600,600,17199,0,21,34.06832320483659,2.598399994894862,601.6331999562681,67.0
1791158494,300,,Aggregated,82.600000,0.000000,21,34,37,44,60,110,190,250,530,600,600,17274,0,21,34.01741741926392,2.598399994894862,601.6331999562681,67.0
1791158495,300,,Aggregated,81.100000,0.000000,21,34,37,44,60,110,190,250,530,600,600,17366,0,21,33.968283997518114,2.598399994894862,601.6331999562681,67.0
1791158496,300,,Aggregated,82.400000,0.000000,21,34,37,44,60,110,190,250,530,600,600,17452,0,21,33.888460795411675,2.598399994894862,601.6331999562681,67.0
1791158497,300,,Aggregated,82.600000,0.000000,21,34,37,44,60,110,190,250,530,600,600,17534,0,21,33.82820199616646,2.598399994894862,601.6331999562681,67.0
1791158498,300,,Aggregated,82.100000,0.000000,21,34,37,44,60,110,190,250,530,600,600,17609,0,21,33.777661315263884,2.598399994894862,601.6331999562681,67.0
1791158499,300,,Aggregated,82.400000,0.000000,21,34,37,44,60,110,190,250,530,600,600,17696,0,21,33.834644479008006,2.598399994894862,601.6331999562681,67.0
1791158500,300,,Aggregated,81.600000,0.000000,21,34,37,44,60,110,190,250,530,600,600,17779,0,21,33.796409511235396,2.598399994894862,601.6331999562681,67.0
1791158501,300,,Aggregated,81.500000,0.000000,21,34,37,43,60,100,190,250,530,600,600,17869,0,21,33.733861699017694,2.598399994894862,601.6331999562681,67.0
1791158502,300,,Aggregated,82.900000,0.000000,21,34,37,43,59,100,190,250,530,600,600,17955,0,21,33.67820067387085,2.598399994894862,601.6331999562681,67.0
1791158503,300,,Aggregated,81.300000,0.000000,21,34,37,43,59,100,190,250,520,600,600,18045,0,21,33.63170101409006,2.598399994894862,601.6331999562681,67.0
1791158504,300,,Aggregated,83.200000,0.000000,21,34,37,43,59,100,190,250,520,600,600,18130,0,21,33.581121809142594,2.598399994894862,601.6331999562681,67.0
1791158505,300,,Aggregated,84.400000,0.000000,21,34,37,43,59,100,190,250,520,600,600,18203,0,21,33.54512227103289,2.598399994894862,601.6331999562681,67.0
1791158506,300,,Aggregated,84.800000,0.000000,21,34,37,43,60,100,190,250,520,600,600,18292,0,21,33.6996442925621,2.598399994894862,601.6331999562681,67.0
1791158507,300,,Aggregated,83.300000,0.000000,21,34,37,43,59,100,190,250,520,600,600,18378,0,21,33.66032152023842,2.598399994894862,601.6331999562681,67.0
1791158508,300,,Aggregated,84.100000,0.000000,21,34,37,43,59,100,190,240,520,600,600,18454,0,21,33.60792969001892,2.598399994894862,601.6331999562681,67.0
1791158509,300,,Aggregated,83.700000,0.000000,21,34,37,43,59,100,190,240,520,600,600,18551,0,21,33.57225693492334,2.598399994894862,601.6331999562681,67.0
1791158510,300,,Aggregated,84.600000,0.000000,21,34,37,43,59,100,190,240,520,600,600,18633,0,21,33.52859495518933,2.598399994894862,601.6331999562681,67.0
1791158511,300,,Aggregated,84.400000,0.000000,21,34,37,43,59,100,190,240,520,600,600,18726,0,21,33.471933141098646,2.598399994894862,601.6331999562681,67.0
1791158512,300,,Aggregated,85.000000,0.000000,21,34,37,43,59,100,190,240,520,600,600,18813,0,21,33.411818551023536,2.598399994894862,601.6331999562681,67.0
1791158513,300,,Aggregated,85.200000,0.000000,21,34,37,43,59,100,190,240,520,600,600,18888,0,21,33.36829261966761,2.598399994894862,601.6331999562681,67.0
1791158514,300,,Aggregated,85.400000,0.000000,21,34,37,43,59,100,190,240,520,600,600,18978,0,21,33.453585941616176,2.598399994894862,601.6331999562681,67.0
1791158515,300,,Aggregated,84.300000,0.000000,21,34,37,43,59,100,190,240,440,600,600,19069,0,21,33.4232149876783,2.598399994894862,601.6331999562681,67.0
1791158516,300,,Aggregated,83.200000,0.000000,21,34,37,43,59,100,190,240,440,600,600,19151,0,21,33.392389666315204,2.598399994894862,601.6331999562681,67.0
1791158517,300,,Aggregated,84.400000,0.000000,21,34,37,43,59,100,190,240,440,600,600,19234,0,21,33.341267245499026,2.598399994894862,601.6331999562681,67.0
1791158518,300,,Aggregated,85.400000,0.000000,21,34,37,43,58,100,190,240,440,600,600,19313,0,21,33.28787278514798,2.598399994894862,601.6331999562681,67.0
1791158519,300,,Aggregated,84.300000,0.000000,21,34,37,43,58,100,190,240,440,600,600,19393,0,21,33.243252606592065,2.598399994894862,601.6331999562681,67.0
1791158520,300,,Aggregated,84.800000,0.000000,21,34,37,43,58,100,190,240,440,600,600,19467,0,21,33.202635131208886,2.598399994894862,601.6331999562681,67.0
1791158521,300,,Aggregated,84.500000,0.000000,21,34,37,43,59,100,190,240,440,600,600,19555,0,21,33.362636358950574,2.598399994894862,601.6331999562681,67.0
1791158522,300,,Aggregated,83.100000,0.000000,21,34,37,43,59,100,190,240,440,600,600,19641,0,21,33.32948530622415,2.598399994894862,601.6331999562681,67.0
1791158523,300,,Aggregated,83.100000,0.000000,21,34,37,43,58,100,190,240,440,600,600,19718,0,21,33.29488511511669,2.598399994894862,601.6331999562681,67.0
1791158524,300,,Aggregated,82.500000,0.000000,21,34,37,43,58,100,190,240,440,600,600,19817,0,21,33.23440111014938,2.598399994894862,601.6331999562681,67.0
1791158525,300,,Aggregated,81.900000,0.000000,21,34,37,43,58,100,190,240,440,600,600,19896,0,21,33.21630418176162,2.598399994894862,601.6331999562681,67.0
1791158526,300,,Aggregated,83.100000,0.000000,21,34,37,43,58,100,190,240,440,600,600,19977,0,21,33.17259679635015,2.598399994894862,601.6331999562681,67.0
1791158527,300,,Aggregated,83.300000,0.000000,21,34,37,42,58,100,190,240,430,590,600,20053,0,21,33.14823041941507,2.598399994894862,601.6331999562681,67.0
1791158528,300,,Aggregated,82.300000,0.000000,21,34,37,42,58,100,190,240,430,590,600,20116,0,21,33.11601630547462,2.598399994894862,601.6331999562681,67.0
1791158529,300,,Aggregated,82.400000,0.000000,21,34,37,43,58,100,190,240,430,590,600,20224,0,21,33.30795219051053,2.598399994894862,601.6331999562681,67.0
1791158530,300,,Aggregated,81.400000,0.000000,21,34,37,43,58,100,190,240,430,590,600,20305,0,21,33.276528751601894,2.598399994894862,601.6331999562681,67.0
1791158531,300,,Aggregated,82.300000,0.000000,21,34,37,43,58,100,190,240,430,590,600,20384,0,21,33.2475039688587,2.598399994894862,601.6331999562681,67.0
1791158532,300,,Aggregated,82.700000,0.000000,21,34,37,42,58,100,190,240,430,590,600,20475,0,21,33.189891462819254,2.598399994894862,601.6331999562681,67.0
1791158533,300,,Aggregated,82.800000,0.000000,21,34,37,42,58,100,190,240,430,590,600,20555,0,21,33.14911586970337,2.598399994894862,601.6331999562681,67.0
1791158534,300,,Aggregated,81.700000,0.000000,21,34,37,42,58,100,190,240,430,590,600,20638,0,21,33.109719725848045,2.598399994894862,601.6331999562681,67.0
1791158535,300,,Aggregated,83.200000,0.000000,21,34,37,42,58,100,190,240,430,590,600,20722,0,21,33.10978952815042,2.598399994894862,601.6331999562681,67.0
1791158536,300,,Aggregated,81.900000,0.000000,21,34,37,43,58,100,190,240,430,590,600,20806,0,21,33.259969542540595,2.598399994894862,601.6331999562681,67.0
1791158537,300,,Aggregated,82.300000,0.000000,21,34,37,43,58,100,190,240,430,590,600,20893,0,21,33.24074855704968,2.598399994894862,601.6331999562681,67.0
1791158538,300,,Aggregated,82.100000,0.000000,21,34,37,43,58,100,190,240,430,590,600,20983,0,21,33.20622695051347,2.598399994894862,601.6331999562681,67.0
1791158539,300,,Aggregated,82.600000,0.000000,21,34,37,42,58,100,190,240,410,590,600,21076,0,21,33.14772647573896,2.598399994894862,601.6331999562681,67.0
1791158540,300,,Aggregated,83.000000,0.000000,21,34,37,42,58,99,190,240,410,590,600,21166,0,21,33.10484326292697,2.598399994894862,601.6331999562681,67.0
1791158541,300,,Aggregated,84.000000,0.000000,21,34,37,42,58,99,190,240,410,590,600,21239,0,21,33.07528237691437,2.598399994894862,601.6331999562681,67.0
1791158542,300,,Aggregated,84.900000,0.000000,21,34,37,42,58,99,190,240,410,590,600,21325,0,21,33.031619915756174,2.598399994894862,601.6331999562681,67.0
1791158543,300,,Aggregated,85.000000,0.000000,21,34,36,42,58,98,190,240,410,590,600,21397,0,21,33.00078759188425,2.598399994894862,601.6331999562681,67.0
1791158544,300,,Aggregated,85.200000,0.000000,21,34,36,42,57,98,190,240,410,590,600,21487,0,21,32.97317833124218,2.598399994894862,601.6331999562681,67.0
1791158545,300,,Aggregated,84.900000,0.000000,21,34,36,42,57,98,190,240,410,590,600,21560,0,21,32.94601644728858,2.598399994894862,601.6331999562681,67.0
1791158546,300,,Aggregated,84.600000,0.000000,21,34,36,42,57,97,190,240,410,590,600,21632,0,21,32.905268287871465,2.598399994894862,601.6331999562681,67.0
1791158547,300,,Aggregated,84.000000,0.000000,21,34,36,42,57,97,190,240,410,590,600,21730,0,21,32.86566835724407,2.598399994894862,601.6331999562681,67.0
1791158548,300,,Aggregated,82.800000,0.000000,21,34,36,42,57,96,190,240,410,590,600,21809,0,21,32.84909972496263,2.598399994894862,601.6331999562681,67.0
1791158549,300,,Aggregated,82.500000,0.000000,21,34,36,42,57,96,190,240,410,590,600,21893,0,21,32.805632398570474,2.598399994894862,601.6331999562681,67.0
1791158550,300,,Aggregated,83.000000,0.000000,21,34,36,42,57,95,180,240,410,590,600,21967,0,21,32.77502498300122,2.598399994894862,601.6331999562681,67.0
1791158551,300,,Aggregated,82.000000,0.000000,21,34,36,42,57,95,180,240,390,590,600,22051,0,21,32.77680106124605,2.598399994894862,601.6331999562681,67.0
1791158552,300,,Aggregated,80.900000,0.000000,21,34,36,42,57,95,180,240,390,590,600,22129,0,21,32.75434759369334,2.598399994894862,601.6331999562681,67.0
1791158553,300,,Aggregated,80.400000,0.000000,21,34,36,42,57,94,180,240,390,590,600,22212,0,21,32.72216399250156,2.598399994894862,601.6331999562681,67.0
1791158554,300,,Aggregated,80.000000,0.000000,21,34,36,42,57,94,180,240,390,590,600,22299,0,21,32.66412344505339,2.598399994894862,601.6331999562681,67.0
1791158555,300,,Aggregated,79.400000,0.000000,21,34,36,42,57,94,180,230,390,590,600,22370,0,21,32.63227577115358,2.598399994894862,601.6331999562681,67.0
1791158556,300,,Aggregated,80.300000,0.000000,21,34,36,42,57,93,180,230,390,590,600,22457,0,21,32.610461058948744,2.598399994894862,601.6331999562681,67.0
1791158557,300,,Aggregated,80.400000,0.000000,21,34,36,42,58,97,190,240,390,590,600,22542,0,21,32.911640298144,2.598399994894862,601.6331999562681,67.0
1791158559,300,,Aggregated,80.600000,0.000000,21,34,37,43,58,100,190,240,390,590,600,22600,0,21,33.22714454870964,2.598399994894862,601.6331999562681,67.0
1791158560,300,,Aggregated,81.200000,0.000000,21,34,37,43,60,110,200,250,480,590,600,22700,0,21,33.88119986343366,2.598399994894862,601.6331999562681,67.0
1791158561,300,,Aggregated,78.400000,0.000000,21,34,37,44,60,110,200,250,480,590,600,22779,0,21,33.995688840613965,2.598399994894862,601.6331999562681,67.0
1791158562,300,,Aggregated,80.100000,0.000000,21,34,37,44,60,110,200,250,480,590,600,22864,0,21,33.96641228132763,2.598399994894862,601.6331999562681,67.0
1791158563,300,,Aggregated,80.200000,0.000000,21,34,37,44,60,110,200,250,480,590,600,22940,0,21,33.938964289430785,2.598399994894862,601.6331999562681,67.0
1791158564,300,,Aggregated,81.100000,0.000000,21,34,37,44,60,110,190,250,470,590,600,23024,0,21,33.92184717687606,2.598399994894862,601.6331999562681,67.0
1791158565,300,,Aggregated,80.900000,0.000000,21,34,37,43,60,110,190,250,470,590,600,23117,0,21,33.882029078175925,2.598399994894862,601.6331999562681,67.0
1791158566,300,,Aggregated,80.900000,0.000000,21,34,37,44,60,110,200,250,470,590,600,23187,0,21,34.118394643591394,2.598399994894862,601.6331999562681,67.0
1791158567,300,,Aggregated,81.700000,0.000000,22,34,37,44,61,120,200,250,470,590,600,23273,0,22,34.64294668934399,2.598399994894862,601.6331999562681,67.0
1791158568,300,,Aggregated,81.700000,0.000000,22,34,37,45,62,120,210,250,470,590,600,23349,0,22,34.82652290467365,2.598399994894862,601.6331999562681,67.0
1791158569,300,,Aggregated,81.200000,0.000000,22,34,37,45,62,120,210,250,470,590,600,23444,0,22,34.93315525939064,2.598399994894862,601.6331999562681,67.0
1791158570,300,,Aggregated,80.400000,0.000000,22,34,37,45,62,120,210,250,470,590,600,23522,0,22,34.899401113890754,2.598399994894862,601.6331999562681,67.0
1791158571,300,,Aggregated,83.700000,0.000000,22,34,37,45,62,120,210,250,470,590,600,23600,0,22,34.88000688140608,2.598399994894862,601.6331999562681,67.0
1791158572,300,,Aggregated,81.500000,0.000000,22,34,37,45,62,120,210,250,470,590,600,23687,0,22,34.8411809094032,2.598399994894862,601.6331999562681,67.0
1791158573,300,,Aggregated,81.700000,0.000000,22,34,37,45,62,120,200,250,470,590,600,23760,0,22,34.948750736579136,2.598399994894862,601.6331999562681,67.0
1791158574,300,,Aggregated,81.700000,0.000000,22,34,37,45,63,120,210,250,470,590,600,23812,0,22,35.230266210352745,2.598399994894862,601.6331999562681,67.0
1791158575,300,,Aggregated,82.000000,0.000000,22,34,38,46,64,120,210,260,530,590,600,23922,0,22,35.82648185354438,2.598399994894862,601.6331999562681,67.0
1791158576,300,,Aggregated,79.400000,0.000000,22,34,38,46,64,120,210,260,520,590,600,24012,0,22,35.81378257126028,2.598399994894862,601.6331999562681,67.0
1791158577,300,,Aggregated,80.100000,0.000000,22,34,38,46,64,120,210,260,520,590,600,24090,0,22,35.79181194277488,2.598399994894862,601.6331999562681,67.0
1791158578,300,,Aggregated,81.000000,0.000000,22,34,38,46,64,120,210,260,520,590,600,24178,0,22,35.744002134227294,2.598399994894862,601.6331999562681,67.0
1791158579,300,,Aggregated,80.500000,0.000000,22,34,38,46,64,120,210,260,520,590,600,24262,0,22,35.69489480264391,2.598399994894862,601.6331999562681,67.0
1791158580,300,,Aggregated,81.300000,0.000000,22,34,38,46,64,120,210,260,520,590,600,24329,0,22,35.671494488130534,2.598399994894862,601.6331999562681,67.0
1791158581,300,,Aggregated,81.000000,0.000000,22,34,38,46,64,120,210,260,520,590,600,24406,0,22,35.64027089248752,2.598399994894862,601.6331999562681,67.0
1791158582,300,,Aggregated,80.400000,0.000000,22,34,38,46,64,120,210,260,520,590,600,24488,0,22,35.6477457408622,2.598399994894862,601.6331999562681,67.0
1791158583,300,,Aggregated,79.700000,0.000000,22,34,38,46,64,120,210,260,520,590,600,24573,0,22,35.60411602989058,2.598399994894862,601.6331999562681,67.0
1791158584,300,,Aggregated,78.900000,0.000000,22,34,38,46,64,120,210,260,520,590,600,24652,0,22,35.56326589737956,2.598399994894862,601.6331999562681,67.0
1791158585,300,,Aggregated,78.900000,0.000000,22,34,38,46,64,120,210,260,520,590,600,24728,0,22,35.5345732935291,2.598399994894862,601.6331999562681,67.0
1791158586,300,,Aggregated,81.900000,0.000000,22,34,38,46,63,120,210,260,520,590,600,24817,0,22,35.50501142770965,2.598399994894862,601.6331999562681,67.0
1791158587,300,,Aggregated,78.800000,0.000000,22,34,38,46,63,120,210,260,520,590,600,24891,0,22,35.47845588777037,2.598399994894862,601.6331999562681,67.0
1791158588,300,,Aggregated,79.600000,0.000000,22,34,38,46,63,120,210,260,520,590,600,24981,0,22,35.42582541142536,2.598399994894862,601.6331999562681,67.0
1791158589,300,,Aggregated,79.800000,0.000000,22,34,38,46,63,120,210,260,510,590,600,25060,0,22,35.41993972076923,2.598399994894862,601.6331999562681,67.0
1791158590,300,,Aggregated,79.800000,0.000000,22,34,38,45,63,120,210,260,510,590,600,25149,0,22,35.367105757785076,2.598399994894862,601.6331999562681,67.0
1791158591,300,,Aggregated,78.500000,0.000000,22,34,38,45,63,120,210,260,510,590,600,25237,0,22,35.341467805279734,2.598399994894862,601.6331999562681,67.0
1791158592,300,,Aggregated,80.800000,0.000000,22,34,37,45,63,120,210,260,510,590,600,25324,0,22,35.29315241282794,2.598399994894862,601.6331999562681,67.0
1791158593,300,,Aggregated,81.400000,0.000000,22,34,37,45,63,120,210,260,510,590,600,25401,0,22,35.261339797768116,2.598399994894862,601.6331999562681,67.0
1791158594,300,,Aggregated,82.900000,0.000000,22,34,37,45,63,120,210,260,510,590,600,25471,0,22,35.22832917448276,2.598399994894862,601.6331999562681,67.0
1791158595,300,,Aggregated,82.900000,0.000000,22,34,37,45,63,120,210,260,510,590,600,25553,0,22,35.19359337856908,2.598399994894862,601.6331999562681,67.0
1791158596,300,,Aggregated,82.000000,0.000000,22,34,37,45,63,120,210,260,510,590,600,25633,0,22,35.1541725823431,2.598399994894862,601.6331999562681,67.0
1791158597,300,,Aggregated,81.800000,0.000000,22,34,37,45,63,120,210,260,510,590,600,25719,0,22,35.25668484789491,2.598399994894862,601.6331999562681,67.0
1791158598,300,,Aggregated,82.300000,0.000000,22,34,37,45,63,120,210,260,510,590,600,25800,0,22,35.21049710474331,2.598399994894862,601.6331999562681,67.0
1791158599,300,,Aggregated,81.700000,0.000000,22,34,37,45,63,120,210,260,510,590,600,25887,0,22,35.16927107436535,2.598399994894862,601.6331999562681,67.0
1791158600,300,,Aggregated,80.700000,0.000000,22,34,37,45,63,120,210,260,510,590,600,25967,0,22,35.138443520721374,2.598399994894862,601.6331999562681,67.0
1791158601,300,,Aggregated,81.800000,0.000000,22,34,37,45,62,120,210,260,510,590,600,26055,0,22,35.09169772796896,2.598399994894862,601.6331999562681,67.0
1791158602,300,,Aggregated,81.400000,0.000000,22,34,37,45,63,120,210,260,510,590,600,26140,0,22,35.08245808345568,2.598399994894862,601.6331999562681,67.0
1791158603,300,,Aggregated,80.300000,0.000000,22,34,37,45,62,120,210,260,510,590,600,26220,0,22,35.0459984821542,2.598399994894862,601.6331999562681,67.0
1791158604,300,,Aggregated,80.900000,0.000000,22,34,37,45,62,120,210,260,510,590,600,26291,0,22,35.07251941357558,2.598399994894862,601.6331999562681,67.0
1791158605,300,,Aggregated,81.000000,0.000000,22,34,37,45,62,120,210,250,510,590,600,26371,0,22,35.0421763453106,2.598399994894862,601.6331999562681,67.0
1791158606,300,,Aggregated,80.300000,0.000000,22,34,37,45,62,120,200,250,510,590,600,26462,0,22,34.99207508508349,2.598399994894862,601.6331999562681,67.0
1791158607,300,,Aggregated,81.800000,0.000000,22,34,37,45,62,120,200,250,510,590,600,26541,0,22,34.97364066544634,2.598399994894862,601.6331999562681,67.0
1791158608,300,,Aggregated,81.000000,0.000000,22,34,37,45,62,110,200,250,510,590,600,26620,0,22,34.94974121344321,2.598399994894862,601.6331999562681,67.0
1791158609,300,,Aggregated,81.500000,0.000000,22,34,37,45,62,110,200,250,510,590,600,26709,0,22,34.918764517654935,2.598399994894862,601.6331999562681,67.0
1791158610,300,,Aggregated,82.100000,0.000000,22,34,37,45,62,110,200,250,510,590,600,26787,0,22,34.887053350550744,2.598399994894862,601.6331999562681,67.0
1791158611,300,,Aggregated,81.500000,0.000000,22,34,37,45,62,110,200,250,510,590,600,26857,0,22,34.90016519719818,2.598399994894862,601.6331999562681,67.0
1791158612,300,,Aggregated,81.400000,0.000000,22,34,37,45,62,110,200,250,510,590,600,26949,0,22,34.8721733422788,2.598399994894862,601.6331999562681,67.0
1791158613,300,,Aggregated,81.200000,0.000000,22,34,37,45,62,110,200,250,500,590,600,27025,0,22,34.8259447771103,2.598399994894862,601.6331999562681,67.0
1791158614,300,,Aggregated,79.500000,0.000000,22,34,37,45,62,110,200,250,500,590,600,27120,0,22,34.78076780239545,2.598399994894862,601.6331999562681,67.0
1791158615,300,,Aggregated,79.600000,0.000000,22,34,37,45,62,110,200,250,500,590,600,27196,0,22,34.750396595140444,2.598399994894862,601.6331999562681,67.0
1791158616,300,,Aggregated,81.200000,0.000000,22,34,37,45,61,110,200,250,500,590,600,27296,0,22,34.702719189700034,2.598399994894862,601.6331999562681,67.0
1791158617,300,,Aggregated,81.300000,0.000000,22,34,37,45,61,110,200,250,500,590,600,27373,0,22,34.679432115662664,2.598399994894862,601.6331999562681,67.0
1791158618,300,,Aggregated,80.900000,0.000000,22,34,37,45,61,110,200,250,500,590,600,27449,0,22,34.66980392006451,2.598399994894862,601.6331999562681,67.0
1791158619,300,,Aggregated,82.600000,0.000000,22,34,37,45,62,110,200,250,500,590,600,27529,0,22,34.740655145539655,2.598399994894862,601.6331999562681,67.0
1791158620,300,,Aggregated,82.300000,0.000000,22,34,37,45,62,110,200,250,500,590,600,27616,0,22,34.71608256086941,2.598399994894862,601.6331999562681,67.0
1791158621,300,,Aggregated,82.200000,0.000000,22,34,37,45,61,110,200,250,500,590,600,27696,0,22,34.69141765602809,2.598399994894862,601.6331999562681,67.0
1791158622,300,,Aggregated,80.400000,0.000000,22,34,37,45,61,110,200,250,500,590,600,27772,0,22,34.64632968821353,2.598399994894862,601.6331999562681,67.0
1791158623,300,,Aggregated,83.200000,0.000000,22,34,37,45,61,110,200,250,500,590,600,27861,0,22,34.59831604760287,2.598399994894862,601.6331999562681,67.0
1791158624,300,,Aggregated,82.200000,0.000000,22,34,37,45,61,110,200,250,500,590,600,27948,0,22,34.56622872129506,2.598399994894862,601.6331999562681,67.0
1791158625,300,,Aggregated,82.500000,0.000000,22,34,37,45,61,110,200,250,500,590,600,28030,0,22,34.535569864549664,2.598399994894862,601.6331999562681,67.0
1791158626,300,,Aggregated,83.600000,0.000000,22,34,37,45,61,110,200,250,500,590,600,28113,0,22,34.61116997484465,2.598399994894862,601.6331999562681,67.0
1791158627,300,,Aggregated,83.200000,0.000000,22,34,37,45,61,110,200,250,500,590,600,28191,0,22,34.569208470869846,2.598399994894862,601.6331999562681,67.0
1791158628,300,,Aggregated,82.900000,0.000000,22,34,37,45,61,110,200,250,500,590,600,28278,0,22,34.55345492613935,2.598399994894862,601.6331999562681,67.0
1791158629,300,,Aggregated,81.800000,0.000000,22,34,37,45,61,110,200,250,500,590,600,28376,0,22,34.50815728438073,2.598399994894862,601.6331999562681,67.0
1791158630,300,,Aggregated,81.400000,0.000000,22,34,37,45,61,110,200,250,500,590,600,28443,0,22,34.48746070742499,2.598399994894862,601.6331999562681,67.0
1791158631,300,,Aggregated,82.500000,0.000000,22,34,37,44,61,110,200,250,500,590,600,28523,0,22,34.45299245877245,2.598399994894862,601.6331999562681,67.0
1791158632,300,,Aggregated,84.000000,0.000000,22,34,37,44,61,110,200,250,500,590,600,28606,0,22,34.40928468508054,2.598399994894862,601.6331999562681,67.0
1791158633,300,,Aggregated,82.600000,0.000000,22,34,37,44,61,110,200,250,500,590,600,28691,0,22,34.376653246678615,2.598399994894862,601.6331999562681,67.0
1791158634,300,,Aggregated,83.500000,0.000000,22,34,37,44,61,110,200,250,500,590,600,28766,0,22,34.4265483904855,2.598399994894862,601.6331999562681,67.0
1791158635,300,,Aggregated,82.500000,0.000000,22,34,37,44,61,110,200,250,500,590,600,28845,0,22,34.404866222925335,2.598399994894862,601.6331999562681,67.0
1791158636,300,,Aggregated,81.300000,0.000000,22,34,37,44,61,110,200,250,500,590,600,28934,0,22,34.36570897906062,2.598399994894862,601.6331999562681,67.0
1791158637,300,,Aggregated,80.600000,0.000000,22,34,37,44,61,110,200,250,490,590,600,29011,0,22,34.33850396403088,2.598399994894862,601.6331999562681,67.0
1791158638,300,,Aggregated,80.300000,0.000000,22,34,37,44,61,110,200,250,490,590,600,29084,0,22,34.33220837916945,2.598399994894862,601.6331999562681,67.0
1791158639,300,,Aggregated,80.300000,0.000000,22,34,37,44,60,110,200,250,490,590,600,29170,0,22,34.30520357557068,2.598399994894862,601.6331999562681,67.0
1791158640,300,,Aggregated,80.600000,0.000000,22,34,37,44,60,110,200,250,490,590,600,29243,0,22,34.283549187787436,2.598399994894862,601.6331999562681,67.0
1791158641,300,,Aggregated,80.000000,0.000000,22,34,37,44,61,110,200,250,490,590,600,29339,0,22,34.39933286747257,2.598399994894862,601.6331999562681,67.0
1791158642,300,,Aggregated,78.900000,0.000000,22,34,37,44,61,110,200,250,490,590,600,29423,0,22,34.34797577400718,2.598399994894862,601.6331999562681,67.0
1791158643,300,,Aggregated,78.900000,0.000000,22,34,37,44,60,110,200,250,490,590,600,29514,0,22,34.30839632710928,2.598399994894862,601.6331999562681,67.0
1791158644,300,,Aggregated,80.000000,0.000000,22,34,37,44,60,110,200,250,490,590,600,29581,0,22,34.28714127308043,2.598399994894862,601.6331999562681,67.0
1791158645,300,,Aggregated,80.800000,0.000000,22,34,37,44,60,110,200,250,490,590,600,29664,0,22,34.25923724375566,2.598399994894862,601.6331999562681,67.0
1791158646,300,,Aggregated,81.700000,0.000000,22,34,37,44,60,110,200,250,490,590,600,29744,0,22,34.231964772692834,2.598399994894862,601.6331999562681,67.0
1791158647,300,,Aggregated,81.200000,0.000000,22,34,37,44,60,110,200,250,490,590,600,29823,0,22,34.20071068296163,2.598399994894862,601.6331999562681,67.0
1791158648,300,,Aggregated,81.900000,0.000000,22,34,37,44,60,110,200,250,490,590,600,29901,0,22,34.168045620490766,2.598399994894862,601.6331999562681,67.0
1791158649,300,,Aggregated,81.500000,0.000000,22,34,37,44,60,110,200,250,490,590,600,29985,0,22,34.267340003264636,2.598399994894862,601.6331999562681,67.0
1791158650,300,,Aggregated,80.600000,0.000000,22,34,37,44,60,110,200,250,480,580,600,30069,0,22,34.23515379618975,2.598399994894862,601.6331999562681,67.0
1791158651,300,,Aggregated,78.900000,0.000000,22,34,37,44,60,110,200,250,480,580,600,30139,0,22,34.20991167914915,2.598399994894862,601.6331999562681,67.0
1791158652,300,,Aggregated,81.300000,0.000000,22,34,37,44,60,110,200,250,480,580,600,30231,0,22,34.17545063010012,2.598399994894862,601.6331999562681,67.0
1791158653,300,,Aggregated,81.500000,0.000000,22,34,37,44,60,110,200,250,480,580,600,30316,0,22,34.1481007784511,2.598399994894862,601.6331999562681,67.0
1791158654,300,,Aggregated,79.200000,0.000000,22,34,37,44,60,110,200,250,480,580,600,30398,0,22,34.12731895847578,2.598399994894862,601.6331999562681,67.0
1791158655,300,,Aggregated,80.600000,0.000000,22,34,37,44,60,100,200,250,480,580,600,30487,0,22,34.101558477386796,2.598399994894862,601.6331999562681,67.0
1791158656,300,,Aggregated,79.500000,0.000000,22,34,37,44,60,110,200,250,480,580,600,30550,0,22,34.13394919475815,2.598399994894862,601.6331999562681,67.0
1791158657,300,,Aggregated,81.000000,0.000000,22,34,37,44,60,110,200,250,480,580,600,30632,0,22,34.10593190453257,2.598399994894862,601.6331999562681,67.0
1791158658,300,,Aggregated,80.600000,0.000000,22,34,37,44,60,100,200,250,480,580,600,30717,0,22,34.07930057947986,2.598399994894862,601.6331999562681,67.0
1791158659,300,,Aggregated,79.300000,0.000000,22,34,37,44,60,100,200,250,480,580,600,30793,0,22,34.05789646023164,2.598399994894862,601.6331999562681,67.0
1791158660,300,,Aggregated,80.900000,0.000000,22,34,37,44,60,100,190,250,480,580,600,30884,0,22,34.01737124400915,2.598399994894862,601.6331999562681,67.0
1791158661,300,,Aggregated,82.500000,0.000000,22,34,37,44,60,100,190,250,480,580,600,30966,0,22,33.987625773422515,2.598399994894862,601.6331999562681,67.0
1791158662,300,,Aggregated,81.000000,0.000000,22,34,37,44,60,100,190,250,480,580,600,31049,0,22,33.95473632323423,2.598399994894862,601.6331999562681,67.0
1791158663,300,,Aggregated,81.000000,0.000000,22,34,37,44,60,100,190,250,480,580,600,31115,0,22,33.941128908881176,2.598399994894862,601.6331999562681,67.0
1791158664,300,,Aggregated,82.100000,0.000000,22,34,37,44,60,100,190,250,480,580,600,31214,0,22,33.95007820207763,2.598399994894862,601.6331999562681,67.0
1791158665,300,,Aggregated,81.600000,0.000000,22,34,37,44,59,100,190,250,480,580,600,31301,0,22,33.920608792014214,2.598399994894862,601.6331999562681,67.0
1791158666,300,,Aggregated,80.300000,0.000000,22,34,37,44,59,100,190,250,480,580,600,31378,0,22,33.896434524135906,2.598399994894862,601.6331999562681,67.0
1791158667,300,,Aggregated,80.400000,0.000000,22,34,37,44,59,100,190,250,480,580,600,31463,0,22,33.87669472073825,2.598399994894862,601.6331999562681,67.0
1791158668,300,,Aggregated,81.100000,0.000000,22,34,37,44,59,100,190,250,480,580,600,31536,0,22,33.85094669896322,2.598399994894862,601.6331999562681,67.0
1791158669,300,,Aggregated,82.400000,0.000000,21,34,37,44,59,100,190,250,480,580,600,31617,0,21,33.81039484132631,2.598399994894862,601.6331999562681,67.0
1791158670,300,,Aggregated,82.500000,0.000000,21,34,37,44,59,100,190,250,480,580,600,31705,0,21,33.77766580660319,2.598399994894862,601.6331999562681,67.0
1791158671,300,,Aggregated,81.400000,0.000000,21,34,37,44,59,100,190,250,480,580,600,31783,0,21,33.77927554030624,2.598399994894862,601.6331999562681,67.0
1791158672,300,,Aggregated,80.900000,0.000000,21,34,37,44,59,100,190,250,480,580,600,31878,0,21,33.74012377492916,2.598399994894862,601.6331999562681,67.0
1791158673,300,,Aggregated,81.400000,0.000000,21,34,37,44,59,100,190,250,480,580,600,31954,0,21,33.716886862288355,2.598399994894862,601.6331999562681,67.0
1791158675,300,,Aggregated,81.000000,0.000000,21,34,37,44,59,100,190,250,480,580,600,32038,0,21,33.69095018406337,2.598399994894862,601.6331999562681,67.0
1791158676,300,,Aggregated,81.500000,0.000000,21,34,37,44,59,100,190,250,480,580,600,32124,0,21,33.6765170276388,2.598399994894862,601.6331999562681,67.0
1791158677,300,,Aggregated,82.400000,0.000000,21,34,37,44,59,100,190,250,480,580,600,32199,0,21,33.64763137972916,2.598399994894862,601.6331999562681,67.0
1791158678,300,,Aggregated,82.100000,0.000000,21,34,37,43,59,100,190,250,480,580,600,32285,0,21,33.61361191872466,2.598399994894862,601.6331999562681,67.0
1791158679,300,,Aggregated,81.600000,0.000000,21,34,37,44,59,100,190,250,480,580,600,32366,0,21,33.67456142544851,2.598399994894862,601.6331999562681,67.0
1791158680,300,,Aggregated,81.600000,0.000000,21,34,37,44,59,100,190,240,480,580,600,32437,0,21,33.67019776476059,2.598399994894862,601.6331999562681,67.0
1791158681,300,,Aggregated,80.400000,0.000000,21,34,37,43,59,100,190,240,480,580,600,32531,0,21,33.634765651067156,2.598399994894862,601.6331999562681,67.0
1791158682,300,,Aggregated,81.800000,0.000000,21,34,37,43,59,100,190,240,480,580,600,32611,0,21,33.613942359790016,2.598399994894862,601.6331999562681,67.0
1791158683,300,,Aggregated,82.300000,0.000000,21,34,37,43,59,100,190,240,480,580,600,32698,0,21,33.588132442198365,2.598399994894862,601.6331999562681,67.0
1791158684,300,,Aggregated,82.300000,0.000000,21,34,37,43,59,100,190,240,480,580,600,32774,0,21,33.566302181443305,2.598399994894862,601.6331999562681,67.0
1791158685,300,,Aggregated,81.500000,0.000000,21,34,37,43,59,100,190,240,480,580,600,32874,0,21,33.53056366412227,2.598399994894862,601.6331999562681,67.0
1791158686,300,,Aggregated,81.600000,0.000000,21,34,37,43,59,100,190,240,480,580,600,32953,0,21,33.53160279776694,2.598399994894862,601.6331999562681,67.0
1791158687,300,,Aggregated,83.200000,0.000000,21,34,37,43,59,100,190,240,470,580,600,33031,0,21,33.563941572917734,2.598399994894862,601.6331999562681,67.0
1791158688,300,,Aggregated,81.900000,0.000000,21,34,37,43,59,100,190,240,470,580,600,33116,0,21,33.540096391311856,2.598399994894862,601.6331999562681,67.0
1791158689,300,,Aggregated,82.600000,0.000000,21,34,37,43,59,100,190,240,470,580,600,33192,0,21,33.51211937801504,2.598399994894862,601.6331999562681,67.0
1791158690,300,,Aggregated,82.700000,0.000000,21,34,37,43,59,100,190,240,470,580,600,33280,0,21,33.47293181777086,2.598399994894862,601.6331999562681,67.0
1791158691,300,,Aggregated,83.800000,0.000000,21,34,37,43,58,100,190,240,470,580,600,33365,0,21,33.439279415413864,2.598399994894862,601.6331999562681,67.0
1791158692,300,,Aggregated,82.900000,0.000000,21,34,37,43,58,100,190,240,470,580,600,33458,0,21,33.41007501928552,2.598399994894862,601.6331999562681,67.0
1791158693,300,,Aggregated,82.500000,0.000000,21,34,37,43,58,99,190,240,470,580,600,33529,0,21,33.39367109950863,2.598399994894862,601.6331999562681,67.0
1791158694,300,,Aggregated,82.500000,0.000000,21,34,37,43,58,99,190,240,470,580,600,33595,0,21,33.377865095871506,2.598399994894862,601.6331999562681,67.0
1791158695,300,,Aggregated,82.600000,0.000000,21,34,37,43,59,100,190,240,470,580,600,33692,0,21,33.50335259692598,2.598399994894862,601.6331999562681,67.0
1791158696,300,,Aggregated,82.500000,0.000000,21,34,37,43,58,100,190,240,470,580,600,33780,0,21,33.48711771450638,2.598399994894862,601.6331999562681,67.0
1791158697,300,,Aggregated,81.500000,0.000000,21,34,37,43,58,100,190,240,470,580,600,33862,0,21,33.466536049146434,2.598399994894862,601.6331999562681,67.0
1791158698,300,,Aggregated,82.600000,0.000000,21,34,37,43,58,100,190,240,470,580,600,33947,0,21,33.44183361697921,2.598399994894862,601.6331999562681,67.0
1791158699,300,,Aggregated,81.800000,0.000000,21,34,37,43,58,100,190,240,470,580,600,34021,0,21,33.42798747523563,2.598399994894862,601.6331999562681,67.0
1791158700,300,,Aggregated,82.900000,0.000000,21,34,37,43,58,99,190,240,470,580,600,34114,0,21,33.396322571227316,2.598399994894862,601.6331999562681,67.0
1791158701,300,,Aggregated,82.600000,0.000000,21,34,37,43,58,99,190,240,470,580,600,34192,0,21,33.35577506419352,2.598399994894862,601.6331999562681,67.0
1791158702,300,,Aggregated,83.700000,0.000000,21,34,37,43,58,99,190,240,470,580,600,34274,0,21,33.3561634998908,2.598399994894862,601.6331999562681,67.0
1791158703,300,,Aggregated,82.900000,0.000000,21,34,37,43,58,99,190,240,470,580,600,34362,0,21,33.32982018492632,2.598399994894862,601.6331999562681,67.0
1791158704,300,,Aggregated,81.800000,0.000000,21,34,37,43,58,99,190,240,470,580,600,34437,0,21,33.31502909066054,2.598399994894862,601.6331999562681,67.0
1791158705,300,,Aggregated,82.800000,0.000000,21,34,37,43,58,99,190,240,470,580,600,34522,0,21,33.28045450133796,2.598399994894862,601.6331999562681,67.0
1791158706,300,,Aggregated,82.700000,0.000000,21,34,37,43,58,99,190,240,470,580,600,34618,0,21,33.253145663980945,2.598399994894862,601.6331999562681,67.0
1791158707,300,,Aggregated,82.700000,0.000000,21,34,37,43,58,98,190,240,470,580,600,34701,0,21,33.22501815496605,2.598399994894862,601.6331999562681,67.0
1791158708,300,,Aggregated,82.500000,0.000000,21,34,37,43,58,98,190,240,470,580,600,34771,0,21,33.20619337942214,2.598399994894862,601.6331999562681,67.0
1791158709,300,,Aggregated,84.200000,0.000000,21,34,37,43,58,98,190,240,470,580,600,34861,0,21,33.23914877073165,2.598399994894862,601.6331999562681,67.0
1791158710,300,,Aggregated,81.800000,0.000000,21,34,37,43,58,98,190,240,470,580,600,34943,0,21,33.21714532799728,2.598399994894862,601.6331999562681,67.0
1791158711,300,,Aggregated,82.600000,0.000000,21,34,37,43,58,98,190,240,470,580,600,35033,0,21,33.19228597597932,2.598399994894862,601.6331999562681,67.0
1791158712,300,,Aggregated,82.400000,0.000000,21,34,37,43,58,98,190,240,470,580,600,35102,0,21,33.17680176046609,2.598399994894862,601.6331999562681,67.0
1791158713,300,,Aggregated,82.900000,0.000000,21,34,37,43,58,97,190,240,470,580,600,35180,0,21,33.15929948254526,2.598399994894862,601.6331999562681,67.0
1791158714,300,,Aggregated,82.700000,0.000000,21,34,37,43,58,97,190,240,470,580,600,35274,0,21,33.12788179666294,2.598399994894862,601.6331999562681,67.0
1791158715,300,,Aggregated,82.300000,0.000000,21,34,37,43,58,97,190,240,470,580,600,35350,0,21,33.1173506929688,2.598399994894862,601.6331999562681,67.0
1791158716,300,,Aggregated,83.900000,0.000000,21,34,37,43,57,97,190,240,470,580,600,35432,0,21,33.0941420748656,2.598399994894862,601.6331999562681,67.0
1791158717,300,,Aggregated,81.800000,0.000000,21,34,37,43,58,97,190,240,470,580,600,35503,0,21,33.12374733393631,2.598399994894862,601.6331999562681,67.0
1791158718,300,,Aggregated,80.700000,0.000000,21,34,37,43,57,97,190,240,470,580,600,35590,0,21,33.10482256242968,2.598399994894862,601.6331999562681,67.0
1791158719,300,,Aggregated,79.800000,0.000000,21,34,37,43,57,97,190,240,470,580,600,35674,0,21,33.08239111669907,2.598399994894862,601.6331999562681,67.0
1791158720,300,,Aggregated,80.600000,0.000000,21,34,37,43,57,96,190,240,470,580,600,35765,0,21,33.05627368368426,2.598399994894862,601.6331999562681,67.0
1791158721,300,,Aggregated,82.000000,0.000000,21,34,37,42,57,96,190,240,470,580,600,35848,0,21,33.030027627666286,2.598399994894862,601.6331999562681,67.0
1791158722,300,,Aggregated,81.800000,0.000000,21,34,37,42,57,96,190,240,470,580,600,35929,0,21,33.00127743041038,2.598399994894862,601.6331999562681,67.0
1791158723,300,,Aggregated,81.900000,0.000000,21,34,37,42,57,96,190,240,470,580,600,35998,0,21,32.99419083829605,2.598399994894862,601.6331999562681,67.0
1791158724,300,,Aggregated,81.900000,0.000000,21,34,37,43,57,96,190,240,470,580,600,36097,0,21,33.05559734593068,2.598399994894862,601.6331999562681,67.0
1791158725,300,,Aggregated,80.600000,0.000000,21,34,37,43,57,96,190,240,470,580,600,36168,0,21,33.0469290504193,2.598399994894862,601.6331999562681,67.0
1791158726,300,,Aggregated,78.700000,0.000000,21,34,37,43,57,96,190,240,470,580,600,36239,0,21,33.02812143258117,2.598399994894862,601.6331999562681,67.0
1791158727,300,,Aggregated,81.600000,0.000000,21,34,37,43,57,96,190,240,470,580,600,36324,0,21,33.00433265319216,2.598399994894862,601.6331999562681,67.0
1791158728,300,,Aggregated,81.600000,0.000000,21,34,37,43,57,95,190,240,470,580,600,36413,0,21,32.98294672767577,2.598399994894862,601.6331999562681,67.0
1791158729,300,,Aggregated,80.900000,0.000000,21,34,37,42,57,95,190,240,470,580,600,36499,0,21,32.95853773239888,2.598399994894862,601.6331999562681,67.0
1791158730,300,,Aggregated,82.200000,0.000000,21,34,37,42,57,95,190,240,470,580,600,36573,0,21,32.93395306632844,2.598399994894862,601.6331999562681,67.0
1791158731,300,,Aggregated,80.600000,0.000000,21,34,37,42,57,95,190,240,470,580,600,36641,0,21,32.91713349784905,2.598399994894862,601.6331999562681,67.0
1791158732,300,,Aggregated,80.000000,0.000000,21,34,37,43,57,95,190,240,470,580,600,36731,0,21,32.95867804838222,2.598399994894862,601.6331999562681,67.0
1791158733,300,,Aggregated,79.100000,0.000000,21,34,37,42,57,95,190,240,470,580,600,36812,0,21,32.939252295341156,2.598399994894862,601.6331999562681,67.0
1791158734,300,,Aggregated,79.900000,0.000000,21,34,37,42,57,95,180,240,470,580,600,36896,0,21,32.922507862522515,2.598399994894862,601.6331999562681,67.0
1791158735,300,,Aggregated,80.300000,0.000000,21,34,37,42,57,95,180,240,470,580,600,36975,0,21,32.906404364998295,2.598399994894862,601.6331999562681,67.0
1791158736,300,,Aggregated,81.500000,0.000000,21,34,37,42,57,95,180,240,460,580,600,37065,0,21,32.89089267219445,2.598399994894862,601.6331999562681,67.0
1791158737,300,,Aggregated,80.700000,0.000000,21,34,37,42,57,94,180,240,460,580,600,37145,0,21,32.874891487270396,2.598399994894862,601.6331999562681,67.0
1791158738,300,,Aggregated,81.600000,0.000000,21,34,37,42,57,94,180,240,460,580,600,37222,0,21,32.86362713167667,2.598399994894862,601.6331999562681,67.0
1791158739,300,,Aggregated,82.000000,0.000000,21,34,37,42,57,94,180,240,460,580,600,37306,0,21,32.87971770747897,2.598399994894862,601.6331999562681,67.0
1791158740,300,,Aggregated,80.600000,0.000000,21,34,37,42,57,94,180,240,460,580,600,37387,0,21,32.85678969949066,2.598399994894862,601.6331999562681,67.0
1791158741,300,,Aggregated,81.400000,0.000000,21,34,37,42,57,94,180,240,460,580,600,37474,0,21,32.83349959156435,2.598399994894862,601.6331999562681,67.0
1791158742,300,,Aggregated,81.200000,0.000000,21,34,37,42,57,93,180,240,460,580,600,37552,0,21,32.81477092551414,2.598399994894862,601.6331999562681,67.0
1791158743,300,,Aggregated,81.100000,0.000000,21,34,37,42,57,93,180,240,460,580,600,37637,0,21,32.78565427094438,2.598399994894862,601.6331999562681,67.0
1791158744,300,,Aggregated,81.400000,0.000000,21,34,37,42,57,93,180,240,460,580,600,37715,0,21,32.76902764140668,2.598399994894862,601.6331999562681,67.0
1791158745,300,,Aggregated,82.200000,0.000000,21,34,37,42,57,93,180,240,460,580,600,37801,0,21,32.7516512789573,2.598399994894862,601.6331999562681,67.0
1791158746,300,,Aggregated,82.300000,0.000000,21,34,37,42,57,93,180,240,460,580,600,37881,0,21,32.75938609846674,2.598399994894862,601.6331999562681,67.0
1791158747,300,,Aggregated,81.600000,0.000000,21,34,37,42,57,94,180,240,460,580,600,37968,0,21,32.84559755836739,2.598399994894862,601.6331999562681,67.0
1791158748,300,,Aggregated,81.600000,0.000000,21,34,37,42,57,93,180,240,460,580,600,38050,0,21,32.83453154521131,2.598399994894862,601.6331999562681,67.0
1791158749,300,,Aggregated,82.600000,0.000000,21,34,37,43,57,93,180,240,460,580,600,38155,0,21,32.84736789397206,2.598399994894862,601.6331999562681,67.0
1791158750,300,,Aggregated,82.300000,0.000000,21,34,37,43,57,93,180,240,460,580,600,38232,0,21,32.84341900487549,2.598399994894862,601.6331999562681,67.0
1791158751,300,,Aggregated,82.800000,0.000000,21,34,37,43,57,93,180,240,460,580,600,38322,0,21,32.813855871167355,2.598399994894862,601.6331999562681,67.0
1791158752,300,,Aggregated,82.800000,0.000000,21,34,37,43,57,93,180,240,460,580,600,38376,0,21,32.817481420555374,2.598399994894862,601.6331999562681,67.0
